,tradeTime,price
4232,2014-01-01,35214.7
4233,2014-01-02,38512.8
4234,2014-01-03,38194.4
4235,2014-01-04,37278.1
4236,2014-01-05,38993.7
4237,2014-01-06,37010.1
4238,2014-01-07,40104.2
4239,2014-01-08,37416.8
4240,2014-01-09,40880.6
4241,2014-01-10,37087.5
4242,2014-01-11,37686.3
4243,2014-01-12,38140.7
4244,2014-01-13,39583.5
4245,2014-01-14,39911.7
4246,2014-01-15,36466.6
4247,2014-01-16,38028.6
4248,2014-01-17,37008.6
4249,2014-01-18,38545.5
4250,2014-01-19,40495.0
4251,2014-01-20,36939.6
4252,2014-01-21,38385.5
4253,2014-01-22,38789.5
4254,2014-01-23,39129.8
4255,2014-01-24,37341.4
4256,2014-01-25,40197.2
4257,2014-01-26,38879.2
4258,2014-01-27,47982.4
4259,2014-01-28,39071.2
4260,2014-01-29,39282.0
4261,2014-01-30,38706.5
4262,2014-01-31,38131.1
4263,2014-02-01,37555.6
4264,2014-02-02,36980.1
4265,2014-02-03,36404.6
4266,2014-02-04,35829.2
4267,2014-02-05,35253.7
4268,2014-02-06,34678.2
4269,2014-02-07,37075.8
4270,2014-02-08,36676.2
4271,2014-02-09,39465.2
4272,2014-02-10,37747.9
4273,2014-02-11,38424.6
4274,2014-02-12,38880.1
4275,2014-02-13,35981.2
4276,2014-02-14,42547.0
4277,2014-02-15,37355.7
4278,2014-02-16,38135.0
4279,2014-02-17,40531.4
4280,2014-02-18,40594.9
4281,2014-02-19,41932.2
4282,2014-02-20,41366.7
4283,2014-02-21,37469.0
4284,2014-02-22,36650.9
4285,2014-02-23,40165.0
4286,2014-02-24,43876.7
4287,2014-02-25,40932.9
4288,2014-02-26,42389.7
4289,2014-02-27,45065.3
4290,2014-02-28,40448.7
4291,2014-03-01,40889.6
4292,2014-03-02,39350.4
4293,2014-03-03,42385.6
4294,2014-03-04,40413.3
4295,2014-03-05,41280.0
4296,2014-03-06,43152.6
4297,2014-03-07,39820.2
4298,2014-03-08,37709.1
4299,2014-03-09,39707.2
4300,2014-03-10,37186.3
4301,2014-03-11,42829.7
4302,2014-03-12,41476.2
4303,2014-03-13,40876.9
4304,2014-03-14,35795.1
4305,2014-03-15,35728.6
4306,2014-03-16,37781.6
4307,2014-03-17,40208.1
4308,2014-03-18,40504.8
4309,2014-03-19,39672.9
4310,2014-03-20,38675.4
4311,2014-03-21,39653.0
4312,2014-03-22,39531.7
4313,2014-03-23,40689.3
4314,2014-03-24,40285.8
4315,2014-03-25,40638.9
4316,2014-03-26,38235.1
4317,2014-03-27,37741.5
4318,2014-03-28,38288.0
4319,2014-03-29,37657.8
4320,2014-03-30,37723.9
4321,2014-03-31,41189.8
4322,2014-04-01,39321.9
4323,2014-04-02,41565.5
4324,2014-04-03,40619.1
4325,2014-04-04,41155.4
4326,2014-04-05,36861.4
4327,2014-04-06,37345.5
4328,2014-04-07,39143.4
4329,2014-04-08,37402.0
4330,2014-04-09,39922.6
4331,2014-04-10,41434.7
4332,2014-04-11,44854.7
4333,2014-04-12,41174.8
4334,2014-04-13,40398.8
4335,2014-04-14,41679.7
4336,2014-04-15,39257.1
4337,2014-04-16,41646.0
4338,2014-04-17,39108.9
4339,2014-04-18,37582.2
4340,2014-04-19,38167.5
4341,2014-04-20,41528.1
4342,2014-04-21,42645.1
4343,2014-04-22,45106.9
4344,2014-04-23,41614.4
4345,2014-04-24,40421.2
4346,2014-04-25,36331.7
4347,2014-04-26,39720.8
4348,2014-04-27,42018.6
4349,2014-04-28,39800.2
4350,2014-04-29,46323.6
4351,2014-04-30,38758.0
4352,2014-05-01,41318.4
4353,2014-05-02,35929.1
4354,2014-05-03,39433.1
4355,2014-05-04,38430.5
4356,2014-05-05,36932.4
4357,2014-05-06,41951.7
4358,2014-05-07,40052.8
4359,2014-05-08,40555.4
4360,2014-05-09,38012.8
4361,2014-05-10,40209.8
4362,2014-05-11,36872.3
4363,2014-05-12,40484.7
4364,2014-05-13,38432.6
4365,2014-05-14,39204.3
4366,2014-05-15,39040.9
4367,2014-05-16,40719.1
4368,2014-05-17,35650.8
4369,2014-05-18,37820.1
4370,2014-05-19,36880.6
4371,2014-05-20,37381.2
4372,2014-05-21,40030.5
4373,2014-05-22,38213.0
4374,2014-05-23,36067.8
4375,2014-05-24,36933.0
4376,2014-05-25,33736.9
4377,2014-05-26,34357.5
4378,2014-05-27,34737.1
4379,2014-05-28,35349.1
4380,2014-05-29,40056.5
4381,2014-05-30,38641.0
4382,2014-05-31,36453.1
4383,2014-06-01,34217.6
4384,2014-06-02,33926.8
4385,2014-06-03,36108.2
4386,2014-06-04,34300.3
4387,2014-06-05,33863.1
4388,2014-06-06,34723.1
4389,2014-06-07,34816.0
4390,2014-06-08,37862.6
4391,2014-06-09,37109.8
4392,2014-06-10,39566.2
4393,2014-06-11,35007.9
4394,2014-06-12,36735.1
4395,2014-06-13,40240.9
4396,2014-06-14,36509.0
4397,2014-06-15,35146.4
4398,2014-06-16,36961.3
4399,2014-06-17,36036.2
4400,2014-06-18,35882.8
4401,2014-06-19,34136.0
4402,2014-06-20,36295.4
4403,2014-06-21,35274.2
4404,2014-06-22,37422.4
4405,2014-06-23,37452.6
4406,2014-06-24,37721.4
4407,2014-06-25,34173.7
4408,2014-06-26,34655.1
4409,2014-06-27,37627.8
4410,2014-06-28,35843.9
4411,2014-06-29,34175.9
4412,2014-06-30,36413.7
4413,2014-07-01,35571.8
4414,2014-07-02,40250.3
4415,2014-07-03,37314.5
4416,2014-07-04,39341.1
4417,2014-07-05,36853.7
4418,2014-07-06,34876.0
4419,2014-07-07,34945.0
4420,2014-07-08,34998.2
4421,2014-07-09,35680.4
4422,2014-07-10,36374.2
4423,2014-07-11,32656.0
4424,2014-07-12,35822.9
4425,2014-07-13,36004.5
4426,2014-07-14,36243.7
4427,2014-07-15,37085.3
4428,2014-07-16,37484.4
4429,2014-07-17,37571.3
4430,2014-07-18,35020.7
4431,2014-07-19,37263.7
4432,2014-07-20,34586.3
4433,2014-07-21,36505.5
4434,2014-07-22,35837.7
4435,2014-07-23,38110.4
4436,2014-07-24,35213.2
4437,2014-07-25,32745.2
4438,2014-07-26,33678.3
4439,2014-07-27,35273.7
4440,2014-07-28,37446.2
4441,2014-07-29,35711.5
4442,2014-07-30,34389.1
4443,2014-07-31,36149.9
4444,2014-08-01,33230.5
4445,2014-08-02,35213.6
4446,2014-08-03,33745.7
4447,2014-08-04,36208.1
4448,2014-08-05,36197.0
4449,2014-08-06,36765.6
4450,2014-08-07,33277.9
4451,2014-08-08,34319.7
4452,2014-08-09,35960.9
4453,2014-08-10,33790.2
4454,2014-08-11,35093.1
4455,2014-08-12,37930.3
4456,2014-08-13,36471.5
4457,2014-08-14,38059.5
4458,2014-08-15,34119.6
4459,2014-08-16,35817.2
4460,2014-08-17,34808.5
4461,2014-08-18,36092.1
4462,2014-08-19,36500.6
4463,2014-08-20,34943.0
4464,2014-08-21,35211.6
4465,2014-08-22,33354.3
4466,2014-08-23,33096.6
4467,2014-08-24,36079.8
4468,2014-08-25,34667.2
4469,2014-08-26,34753.2
4470,2014-08-27,31934.3
4471,2014-08-28,39415.0
4472,2014-08-29,32770.0
4473,2014-08-30,35726.3
4474,2014-08-31,35226.4
4475,2014-09-01,35244.4
4476,2014-09-02,30678.3
4477,2014-09-03,36165.5
4478,2014-09-04,33998.4
4479,2014-09-05,32270.9
4480,2014-09-06,34704.4
4481,2014-09-07,35071.3
4482,2014-09-08,33309.7
4483,2014-09-09,35938.0
4484,2014-09-10,37353.4
4485,2014-09-11,33682.6
4486,2014-09-12,34574.9
4487,2014-09-13,33752.3
4488,2014-09-14,34566.4
4489,2014-09-15,37713.5
4490,2014-09-16,33985.0
4491,2014-09-17,34988.6
4492,2014-09-18,34741.3
4493,2014-09-19,34241.8
4494,2014-09-20,34196.1
4495,2014-09-21,34539.7
4496,2014-09-22,36784.1
4497,2014-09-23,34664.5
4498,2014-09-24,34191.6
4499,2014-09-25,36286.3
4500,2014-09-26,35369.8
4501,2014-09-27,34559.2
4502,2014-09-28,35533.1
4503,2014-09-29,37057.1
4504,2014-09-30,36384.0
4505,2014-10-01,37362.5
4506,2014-10-02,37538.6
4507,2014-10-03,34473.7
4508,2014-10-04,37038.2
4509,2014-10-05,35381.4
4510,2014-10-06,35671.7
4511,2014-10-07,38916.0
4512,2014-10-08,38200.9
4513,2014-10-09,37988.7
4514,2014-10-10,37701.3
4515,2014-10-11,37491.9
4516,2014-10-12,36842.7
4517,2014-10-13,38600.1
4518,2014-10-14,36336.6
4519,2014-10-15,39127.3
4520,2014-10-16,40774.6
4521,2014-10-17,38572.3
4522,2014-10-18,37700.2
4523,2014-10-19,36622.6
4524,2014-10-20,38521.0
4525,2014-10-21,37899.0
4526,2014-10-22,37089.0
4527,2014-10-23,36115.7
4528,2014-10-24,37249.8
4529,2014-10-25,37421.0
4530,2014-10-26,36369.5
4531,2014-10-27,38252.8
4532,2014-10-28,39241.1
4533,2014-10-29,36038.8
4534,2014-10-30,38532.7
4535,2014-10-31,37833.1
4536,2014-11-01,36014.6
4537,2014-11-02,35803.5
4538,2014-11-03,39538.0
4539,2014-11-04,36022.3
4540,2014-11-05,39175.0
4541,2014-11-06,36890.6
4542,2014-11-07,34662.1
4543,2014-11-08,36045.2
4544,2014-11-09,34826.5
4545,2014-11-10,37102.3
4546,2014-11-11,37214.8
4547,2014-11-12,36788.3
4548,2014-11-13,38929.8
4549,2014-11-14,39741.0
4550,2014-11-15,37705.2
4551,2014-11-16,36303.2
4552,2014-11-17,37080.9
4553,2014-11-18,36238.4
4554,2014-11-19,39552.1
4555,2014-11-20,40152.0
4556,2014-11-21,34473.3
4557,2014-11-22,35155.0
4558,2014-11-23,35848.3
4559,2014-11-24,36711.1
4560,2014-11-25,36058.0
4561,2014-11-26,37209.8
4562,2014-11-27,37637.2
4563,2014-11-28,40338.7
4564,2014-11-29,36229.2
4565,2014-11-30,37555.9
4566,2014-12-01,36195.0
4567,2014-12-02,35990.0
4568,2014-12-03,41478.9
4569,2014-12-04,37371.0
4570,2014-12-05,38316.3
4571,2014-12-06,36440.1
4572,2014-12-07,37772.0
4573,2014-12-08,39085.6
4574,2014-12-09,36030.8
4575,2014-12-10,36969.2
4576,2014-12-11,39616.2
4577,2014-12-12,40550.5
4578,2014-12-13,37042.0
4579,2014-12-14,37849.5
4580,2014-12-15,37036.0
4581,2014-12-16,38646.7
4582,2014-12-17,38114.1
4583,2014-12-18,37648.4
4584,2014-12-19,39677.5
4585,2014-12-20,34657.6
4586,2014-12-21,36458.8
4587,2014-12-22,38566.5
4588,2014-12-23,38151.0
4589,2014-12-24,37077.5
4590,2014-12-25,38424.9
4591,2014-12-26,34510.9
4592,2014-12-27,36247.2
4593,2014-12-28,36231.8
4594,2014-12-29,38109.9
4595,2014-12-30,34588.6
4596,2014-12-31,37067.9
4597,2015-01-01,33299.0
4598,2015-01-02,36809.7
4599,2015-01-03,36113.1
4600,2015-01-04,40457.1
4601,2015-01-05,38038.5
4602,2015-01-06,38418.0
4603,2015-01-07,38925.6
4604,2015-01-08,39173.2
4605,2015-01-09,36588.4
4606,2015-01-10,35805.0
4607,2015-01-11,35764.6
4608,2015-01-12,37797.1
4609,2015-01-13,35881.4
4610,2015-01-14,37184.5
4611,2015-01-15,39158.1
4612,2015-01-16,37325.8
4613,2015-01-17,35927.7
4614,2015-01-18,35748.1
4615,2015-01-19,40053.9
4616,2015-01-20,38788.7
4617,2015-01-21,38587.7
4618,2015-01-22,38397.9
4619,2015-01-23,39248.9
4620,2015-01-24,37378.6
4621,2015-01-25,36280.3
4622,2015-01-26,39367.7
4623,2015-01-27,37452.7
4624,2015-01-28,40448.3
4625,2015-01-29,34513.5
4626,2015-01-30,35267.6
4627,2015-01-31,36420.4
4628,2015-02-01,37901.4
4629,2015-02-02,38362.9
4630,2015-02-03,38575.9
4631,2015-02-04,37869.7
4632,2015-02-05,34574.7
4633,2015-02-06,37340.5
4634,2015-02-07,36337.7
4635,2015-02-08,38397.9
4636,2015-02-09,37072.4
4637,2015-02-10,37100.4
4638,2015-02-11,37518.4
4639,2015-02-12,36139.8
4640,2015-02-13,37326.0
4641,2015-02-14,37271.1
4642,2015-02-15,36669.3
4643,2015-02-16,38403.3
4644,2015-02-17,34925.2
4645,2015-02-18,38328.5
4646,2015-02-19,41731.8
4647,2015-02-20,45135.1
4648,2015-02-21,48538.4
4649,2015-02-22,51941.7
4650,2015-02-23,55345.0
4651,2015-02-24,58748.2
4652,2015-02-25,40366.3
4653,2015-02-26,34472.8
4654,2015-02-27,36777.8
4655,2015-02-28,37922.0
4656,2015-03-01,34918.0
4657,2015-03-02,37890.4
4658,2015-03-03,37189.8
4659,2015-03-04,36178.9
4660,2015-03-05,35501.9
4661,2015-03-06,35144.5
4662,2015-03-07,35948.4
4663,2015-03-08,35885.9
4664,2015-03-09,37274.0
4665,2015-03-10,38231.7
4666,2015-03-11,38511.1
4667,2015-03-12,35527.6
4668,2015-03-13,39924.3
4669,2015-03-14,35407.3
4670,2015-03-15,35747.8
4671,2015-03-16,39459.5
4672,2015-03-17,36619.6
4673,2015-03-18,38240.8
4674,2015-03-19,37358.5
4675,2015-03-20,38359.4
4676,2015-03-21,36645.3
4677,2015-03-22,36335.1
4678,2015-03-23,38732.8
4679,2015-03-24,38629.8
4680,2015-03-25,39162.3
4681,2015-03-26,37819.8
4682,2015-03-27,36683.0
4683,2015-03-28,36783.1
4684,2015-03-29,37449.5
4685,2015-03-30,38729.0
4686,2015-03-31,38418.4
4687,2015-04-01,37877.0
4688,2015-04-02,38902.0
4689,2015-04-03,39389.0
4690,2015-04-04,38009.1
4691,2015-04-05,36668.3
4692,2015-04-06,37193.0
4693,2015-04-07,38218.5
4694,2015-04-08,39538.0
4695,2015-04-09,37877.2
4696,2015-04-10,37703.4
4697,2015-04-11,36923.2
4698,2015-04-12,37970.8
4699,2015-04-13,38297.9
4700,2015-04-14,37668.4
4701,2015-04-15,39906.9
4702,2015-04-16,36961.3
4703,2015-04-17,36928.5
4704,2015-04-18,38215.5
4705,2015-04-19,37163.7
4706,2015-04-20,38406.9
4707,2015-04-21,39231.7
4708,2015-04-22,40808.3
4709,2015-04-23,36734.8
4710,2015-04-24,38279.9
4711,2015-04-25,39251.7
4712,2015-04-26,38368.1
4713,2015-04-27,39544.4
4714,2015-04-28,38932.4
4715,2015-04-29,37257.8
4716,2015-04-30,39553.9
4717,2015-05-01,38501.4
4718,2015-05-02,36605.0
4719,2015-05-03,36848.5
4720,2015-05-04,39961.1
4721,2015-05-05,41424.4
4722,2015-05-06,39655.7
4723,2015-05-07,39505.9
4724,2015-05-08,38854.9
4725,2015-05-09,38623.8
4726,2015-05-10,37273.4
4727,2015-05-11,39255.8
4728,2015-05-12,39039.9
4729,2015-05-13,40238.6
4730,2015-05-14,39667.8
4731,2015-05-15,40347.0
4732,2015-05-16,37344.8
4733,2015-05-17,38829.4
4734,2015-05-18,43909.5
4735,2015-05-19,40978.9
4736,2015-05-20,41429.2
4737,2015-05-21,40165.7
4738,2015-05-22,41362.1
4739,2015-05-23,40239.2
4740,2015-05-24,38134.7
4741,2015-05-25,41531.3
4742,2015-05-26,39878.7
4743,2015-05-27,39285.5
4744,2015-05-28,39583.6
4745,2015-05-29,39184.2
4746,2015-05-30,38708.6
4747,2015-05-31,37504.1
4748,2015-06-01,37669.9
4749,2015-06-02,39440.3
4750,2015-06-03,39480.5
4751,2015-06-04,36374.8
4752,2015-06-05,40095.5
4753,2015-06-06,36962.0
4754,2015-06-07,37602.8
4755,2015-06-08,41675.3
4756,2015-06-09,38087.6
4757,2015-06-10,39178.7
4758,2015-06-11,37167.0
4759,2015-06-12,36063.5
4760,2015-06-13,37570.5
4761,2015-06-14,37320.8
4762,2015-06-15,39236.2
4763,2015-06-16,39070.2
4764,2015-06-17,38849.7
4765,2015-06-18,36949.5
4766,2015-06-19,37907.5
4767,2015-06-20,37659.2
4768,2015-06-21,36608.4
4769,2015-06-22,37155.8
4770,2015-06-23,38968.3
4771,2015-06-24,37275.7
4772,2015-06-25,37476.9
4773,2015-06-26,38292.8
4774,2015-06-27,36856.3
4775,2015-06-28,38016.5
4776,2015-06-29,38239.6
4777,2015-06-30,41016.4
4778,2015-07-01,40264.6
4779,2015-07-02,41420.7
4780,2015-07-03,38395.1
4781,2015-07-04,37643.4
4782,2015-07-05,38171.4
4783,2015-07-06,38520.0
4784,2015-07-07,40161.3
4785,2015-07-08,37772.3
4786,2015-07-09,39759.4
4787,2015-07-10,39823.8
4788,2015-07-11,39064.8
4789,2015-07-12,39164.2
4790,2015-07-13,37911.6
4791,2015-07-14,37171.0
4792,2015-07-15,39175.4
4793,2015-07-16,41011.3
4794,2015-07-17,40987.3
4795,2015-07-18,38860.8
4796,2015-07-19,38867.3
4797,2015-07-20,39542.6
4798,2015-07-21,39486.6
4799,2015-07-22,38623.1
4800,2015-07-23,38592.0
4801,2015-07-24,40897.7
4802,2015-07-25,37961.0
4803,2015-07-26,37737.4
4804,2015-07-27,39198.5
4805,2015-07-28,38521.0
4806,2015-07-29,37895.7
4807,2015-07-30,39049.4
4808,2015-07-31,39972.8
4809,2015-08-01,36814.3
4810,2015-08-02,38614.9
4811,2015-08-03,38543.2
4812,2015-08-04,40730.5
4813,2015-08-05,38306.4
4814,2015-08-06,41838.4
4815,2015-08-07,36781.5
4816,2015-08-08,39973.7
4817,2015-08-09,39168.8
4818,2015-08-10,38910.2
4819,2015-08-11,38919.3
4820,2015-08-12,38102.9
4821,2015-08-13,39897.4
4822,2015-08-14,38483.9
4823,2015-08-15,38232.3
4824,2015-08-16,37972.1
4825,2015-08-17,40333.5
4826,2015-08-18,39596.2
4827,2015-08-19,40237.0
4828,2015-08-20,42311.9
4829,2015-08-21,40573.5
4830,2015-08-22,38757.9
4831,2015-08-23,39114.6
4832,2015-08-24,39760.3
4833,2015-08-25,40072.0
4834,2015-08-26,40573.7
4835,2015-08-27,38643.4
4836,2015-08-28,42709.7
4837,2015-08-29,36744.4
4838,2015-08-30,39038.5
4839,2015-08-31,42598.9
4840,2015-09-01,40469.5
4841,2015-09-02,42821.1
4842,2015-09-03,37154.5
4843,2015-09-04,38368.2
4844,2015-09-05,38203.0
4845,2015-09-06,38849.3
4846,2015-09-07,40490.8
4847,2015-09-08,40988.6
4848,2015-09-09,39771.2
4849,2015-09-10,42355.7
4850,2015-09-11,41829.1
4851,2015-09-12,39019.8
4852,2015-09-13,37755.7
4853,2015-09-14,41118.3
4854,2015-09-15,38388.2
4855,2015-09-16,39177.9
4856,2015-09-17,40226.3
4857,2015-09-18,39915.9
4858,2015-09-19,38330.8
4859,2015-09-20,40485.5
4860,2015-09-21,40523.8
4861,2015-09-22,42631.3
4862,2015-09-23,40786.2
4863,2015-09-24,39933.9
4864,2015-09-25,39138.3
4865,2015-09-26,38888.3
4866,2015-09-27,37446.5
4867,2015-09-28,40668.0
4868,2015-09-29,41080.7
4869,2015-09-30,41408.5
4870,2015-10-01,37555.5
4871,2015-10-02,41513.7
4872,2015-10-03,38192.1
4873,2015-10-04,34515.9
4874,2015-10-05,38736.6
4875,2015-10-06,39194.8
4876,2015-10-07,39006.6
4877,2015-10-08,38401.9
4878,2015-10-09,39660.6
4879,2015-10-10,41416.4
4880,2015-10-11,38757.6
4881,2015-10-12,38250.2
4882,2015-10-13,42148.9
4883,2015-10-14,39697.3
4884,2015-10-15,41652.5
4885,2015-10-16,41344.9
4886,2015-10-17,40319.0
4887,2015-10-18,37219.6
4888,2015-10-19,40172.4
4889,2015-10-20,39621.9
4890,2015-10-21,37491.9
4891,2015-10-22,40652.1
4892,2015-10-23,37616.5
4893,2015-10-24,37392.0
4894,2015-10-25,38594.1
4895,2015-10-26,41582.8
4896,2015-10-27,39225.3
4897,2015-10-28,40207.4
4898,2015-10-29,40032.0
4899,2015-10-30,39835.8
4900,2015-10-31,39385.9
4901,2015-11-01,39160.3
4902,2015-11-02,40772.0
4903,2015-11-03,41274.5
4904,2015-11-04,40734.4
4905,2015-11-05,40842.5
4906,2015-11-06,41195.3
4907,2015-11-07,37770.9
4908,2015-11-08,38737.8
4909,2015-11-09,39843.6
4910,2015-11-10,39757.7
4911,2015-11-11,39430.1
4912,2015-11-12,39487.2
4913,2015-11-13,38742.9
4914,2015-11-14,38851.0
4915,2015-11-15,38212.4
4916,2015-11-16,40638.2
4917,2015-11-17,41520.5
4918,2015-11-18,42427.0
4919,2015-11-19,39127.2
4920,2015-11-20,40716.9
4921,2015-11-21,40084.4
4922,2015-11-22,39527.4
4923,2015-11-23,40117.0
4924,2015-11-24,40138.7
4925,2015-11-25,39188.1
4926,2015-11-26,38732.3
4927,2015-11-27,39600.7
4928,2015-11-28,38866.8
4929,2015-11-29,38921.7
4930,2015-11-30,41553.1
4931,2015-12-01,41113.4
4932,2015-12-02,44214.4
4933,2015-12-03,41383.9
4934,2015-12-04,40508.0
4935,2015-12-05,39973.3
4936,2015-12-06,39357.8
4937,2015-12-07,40045.1
4938,2015-12-08,41226.9
4939,2015-12-09,41380.7
4940,2015-12-10,40037.4
4941,2015-12-11,42225.6
4942,2015-12-12,39661.9
4943,2015-12-13,38724.6
4944,2015-12-14,42744.1
4945,2015-12-15,42020.7
4946,2015-12-16,39150.8
4947,2015-12-17,40837.8
4948,2015-12-18,40254.2
4949,2015-12-19,40582.1
4950,2015-12-20,40571.1
4951,2015-12-21,40337.3
4952,2015-12-22,41881.1
4953,2015-12-23,40364.3
4954,2015-12-24,41096.1
4955,2015-12-25,44744.3
4956,2015-12-26,40822.8
4957,2015-12-27,40207.8
4958,2015-12-28,41198.3
4959,2015-12-29,40717.3
4960,2015-12-30,39734.0
4961,2015-12-31,40910.3
4962,2016-01-01,38333.2
4963,2016-01-02,38886.5
4964,2016-01-03,40468.3
4965,2016-01-04,42818.6
4966,2016-01-05,42371.1
4967,2016-01-06,41985.0
4968,2016-01-07,41630.0
4969,2016-01-08,41515.7
4970,2016-01-09,41413.5
4971,2016-01-10,40361.7
4972,2016-01-11,42313.1
4973,2016-01-12,42654.3
4974,2016-01-13,43314.1
4975,2016-01-14,42878.9
4976,2016-01-15,46441.0
4977,2016-01-16,40700.8
4978,2016-01-17,41144.7
4979,2016-01-18,42850.0
4980,2016-01-19,40850.0
4981,2016-01-20,41623.9
4982,2016-01-21,43482.6
4983,2016-01-22,46135.2
4984,2016-01-23,42714.3
4985,2016-01-24,41367.5
4986,2016-01-25,41949.3
4987,2016-01-26,45516.2
4988,2016-01-27,42762.4
4989,2016-01-28,44296.7
4990,2016-01-29,43180.5
4991,2016-01-30,42007.0
4992,2016-01-31,43015.8
4993,2016-02-01,42257.0
4994,2016-02-02,46178.8
4995,2016-02-03,41214.9
4996,2016-02-04,40133.9
4997,2016-02-05,38783.0
4998,2016-02-06,35800.9
4999,2016-02-07,33936.9
5000,2016-02-08,32072.9
5001,2016-02-09,30209.0
5002,2016-02-10,28345.0
5003,2016-02-11,26481.0
5004,2016-02-12,31576.5
5005,2016-02-13,39309.9
5006,2016-02-14,41744.1
5007,2016-02-15,42172.4
5008,2016-02-16,39161.6
5009,2016-02-17,42132.4
5010,2016-02-18,43693.6
5011,2016-02-19,44256.8
5012,2016-02-20,40920.9
5013,2016-02-21,41377.7
5014,2016-02-22,41423.4
5015,2016-02-23,42577.4
5016,2016-02-24,43304.6
5017,2016-02-25,44578.8
5018,2016-02-26,41651.1
5019,2016-02-27,41444.6
5020,2016-02-28,40384.7
5021,2016-02-29,43448.6
5022,2016-03-01,43647.4
5023,2016-03-02,42309.0
5024,2016-03-03,44656.6
5025,2016-03-04,43884.6
5026,2016-03-05,43099.0
5027,2016-03-06,43691.5
5028,2016-03-07,43122.8
5029,2016-03-08,43892.3
5030,2016-03-09,43749.5
5031,2016-03-10,44688.0
5032,2016-03-11,45031.6
5033,2016-03-12,43940.1
5034,2016-03-13,43589.0
5035,2016-03-14,43972.7
5036,2016-03-15,43710.9
5037,2016-03-16,48881.2
5038,2016-03-17,44191.1
5039,2016-03-18,46535.5
5040,2016-03-19,42952.1
5041,2016-03-20,44454.3
5042,2016-03-21,46669.2
5043,2016-03-22,45396.1
5044,2016-03-23,45588.7
5045,2016-03-24,47735.4
5046,2016-03-25,46727.8
5047,2016-03-26,44334.7
5048,2016-03-27,43353.7
5049,2016-03-28,46683.4
5050,2016-03-29,45108.0
5051,2016-03-30,46578.6
5052,2016-03-31,47304.9
5053,2016-04-01,48851.5
5054,2016-04-02,43264.7
5055,2016-04-03,45608.7
5056,2016-04-04,44856.9
5057,2016-04-05,47310.4
5058,2016-04-06,47456.6
5059,2016-04-07,45434.6
5060,2016-04-08,47447.7
5061,2016-04-09,45915.9
5062,2016-04-10,44170.4
5063,2016-04-11,43102.7
5064,2016-04-12,48026.4
5065,2016-04-13,45274.0
5066,2016-04-14,48376.8
5067,2016-04-15,46767.0
5068,2016-04-16,46958.4
5069,2016-04-17,44371.9
5070,2016-04-18,43933.6
5071,2016-04-19,46019.8
5072,2016-04-20,44887.1
5073,2016-04-21,46235.5
5074,2016-04-22,46971.2
5075,2016-04-23,44207.6
5076,2016-04-24,45667.5
5077,2016-04-25,44901.3
5078,2016-04-26,48945.2
5079,2016-04-27,44788.4
5080,2016-04-28,45693.0
5081,2016-04-29,43876.3
5082,2016-04-30,45475.1
5083,2016-05-01,44424.8
5084,2016-05-02,44856.4
5085,2016-05-03,45263.6
5086,2016-05-04,49289.1
5087,2016-05-05,47013.6
5088,2016-05-06,45057.3
5089,2016-05-07,46740.4
5090,2016-05-08,44297.7
5091,2016-05-09,49380.8
5092,2016-05-10,44370.7
5093,2016-05-11,45778.9
5094,2016-05-12,46638.9
5095,2016-05-13,48609.6
5096,2016-05-14,46556.1
5097,2016-05-15,46098.5
5098,2016-05-16,47874.6
5099,2016-05-17,49785.4
5100,2016-05-18,49712.4
5101,2016-05-19,43899.9
5102,2016-05-20,43896.4
5103,2016-05-21,46566.7
5104,2016-05-22,47548.5
5105,2016-05-23,46328.0
5106,2016-05-24,48450.7
5107,2016-05-25,50941.6
5108,2016-05-26,46209.2
5109,2016-05-27,51071.0
5110,2016-05-28,44198.1
5111,2016-05-29,47312.9
5112,2016-05-30,50408.1
5113,2016-05-31,46309.6
5114,2016-06-01,50863.8
5115,2016-06-02,45622.2
5116,2016-06-03,45838.2
5117,2016-06-04,44825.1
5118,2016-06-05,46615.7
5119,2016-06-06,47417.0
5120,2016-06-07,47294.2
5121,2016-06-08,51819.6
5122,2016-06-09,46517.3
5123,2016-06-10,44598.3
5124,2016-06-11,47067.4
5125,2016-06-12,47168.6
5126,2016-06-13,49339.9
5127,2016-06-14,50680.8
5128,2016-06-15,52021.8
5129,2016-06-16,45409.2
5130,2016-06-17,46993.5
5131,2016-06-18,45682.3
5132,2016-06-19,46992.0
5133,2016-06-20,46305.9
5134,2016-06-21,48314.4
5135,2016-06-22,49641.2
5136,2016-06-23,49215.0
5137,2016-06-24,47901.6
5138,2016-06-25,48663.4
5139,2016-06-26,48556.7
5140,2016-06-27,46122.6
5141,2016-06-28,50312.8
5142,2016-06-29,49611.7
5143,2016-06-30,49524.9
5144,2016-07-01,48639.6
5145,2016-07-02,46002.5
5146,2016-07-03,52120.5
5147,2016-07-04,45664.8
5148,2016-07-05,48439.9
5149,2016-07-06,49093.7
5150,2016-07-07,49873.0
5151,2016-07-08,48110.9
5152,2016-07-09,48246.8
5153,2016-07-10,47951.9
5154,2016-07-11,48180.0
5155,2016-07-12,48998.2
5156,2016-07-13,47653.3
5157,2016-07-14,50319.3
5158,2016-07-15,50326.9
5159,2016-07-16,49918.3
5160,2016-07-17,49508.4
5161,2016-07-18,49968.9
5162,2016-07-19,51562.3
5163,2016-07-20,48924.9
5164,2016-07-21,49824.3
5165,2016-07-22,51268.7
5166,2016-07-23,50701.8
5167,2016-07-24,51815.1
5168,2016-07-25,49742.0
5169,2016-07-26,50205.6
5170,2016-07-27,51251.2
5171,2016-07-28,51451.2
5172,2016-07-29,52438.9
5173,2016-07-30,50812.2
5174,2016-07-31,50407.0
5175,2016-08-01,50053.0
5176,2016-08-02,49331.4
5177,2016-08-03,49682.2
5178,2016-08-04,52739.7
5179,2016-08-05,54175.1
5180,2016-08-06,51952.7
5181,2016-08-07,51309.8
5182,2016-08-08,48146.3
5183,2016-08-09,53440.3
5184,2016-08-10,54347.0
5185,2016-08-11,51965.6
5186,2016-08-12,53145.1
5187,2016-08-13,52236.5
5188,2016-08-14,51893.9
5189,2016-08-15,50958.1
5190,2016-08-16,52634.2
5191,2016-08-17,51021.9
5192,2016-08-18,52632.1
5193,2016-08-19,53404.1
5194,2016-08-20,54480.8
5195,2016-08-21,53774.6
5196,2016-08-22,50886.9
5197,2016-08-23,53635.1
5198,2016-08-24,51280.2
5199,2016-08-25,52979.1
5200,2016-08-26,53675.4
5201,2016-08-27,56508.5
5202,2016-08-28,53017.4
5203,2016-08-29,53010.5
5204,2016-08-30,54714.3
5205,2016-08-31,55576.6
5206,2016-09-01,53875.2
5207,2016-09-02,54335.3
5208,2016-09-03,56989.6
5209,2016-09-04,56021.3
5210,2016-09-05,56603.5
5211,2016-09-06,58786.3
5212,2016-09-07,57397.5
5213,2016-09-08,59444.0
5214,2016-09-09,56597.8
5215,2016-09-10,59410.4
5216,2016-09-11,58162.4
5217,2016-09-12,56402.0
5218,2016-09-13,60479.9
5219,2016-09-14,58356.2
5220,2016-09-15,62148.8
5221,2016-09-16,56355.4
5222,2016-09-17,59107.8
5223,2016-09-18,56952.8
5224,2016-09-19,58364.0
5225,2016-09-20,61976.2
5226,2016-09-21,58662.7
5227,2016-09-22,61737.3
5228,2016-09-23,59800.8
5229,2016-09-24,61086.9
5230,2016-09-25,57765.0
5231,2016-09-26,59231.4
5232,2016-09-27,63629.3
5233,2016-09-28,60904.2
5234,2016-09-29,62853.8
5235,2016-09-30,61505.4
5236,2016-10-01,62561.8
5237,2016-10-02,60695.7
5238,2016-10-03,61417.4
5239,2016-10-04,59887.9
5240,2016-10-05,55442.1
5241,2016-10-06,54329.3
5242,2016-10-07,58271.8
5243,2016-10-08,62396.2
5244,2016-10-09,61128.2
5245,2016-10-10,63241.0
5246,2016-10-11,62070.4
5247,2016-10-12,60647.0
5248,2016-10-13,62171.2
5249,2016-10-14,60478.1
5250,2016-10-15,60780.6
5251,2016-10-16,64254.4
5252,2016-10-17,61574.1
5253,2016-10-18,60598.0
5254,2016-10-19,62770.5
5255,2016-10-20,64102.8
5256,2016-10-21,63266.4
5257,2016-10-22,62797.4
5258,2016-10-23,59562.1
5259,2016-10-24,61688.3
5260,2016-10-25,60841.5
5261,2016-10-26,64569.3
5262,2016-10-27,61287.2
5263,2016-10-28,60644.1
5264,2016-10-29,61033.1
5265,2016-10-30,60942.4
5266,2016-10-31,61811.1
5267,2016-11-01,63094.2
5268,2016-11-02,66324.2
5269,2016-11-03,60564.5
5270,2016-11-04,59605.7
5271,2016-11-05,63590.9
5272,2016-11-06,59833.3
5273,2016-11-07,61284.1
5274,2016-11-08,64548.4
5275,2016-11-09,64255.3
5276,2016-11-10,60800.2
5277,2016-11-11,56041.7
5278,2016-11-12,59161.2
5279,2016-11-13,59587.4
5280,2016-11-14,59399.1
5281,2016-11-15,63391.9
5282,2016-11-16,60343.6
5283,2016-11-17,59404.3
5284,2016-11-18,60708.3
5285,2016-11-19,63174.2
5286,2016-11-20,60375.7
5287,2016-11-21,58790.0
5288,2016-11-22,63885.9
5289,2016-11-23,62668.1
5290,2016-11-24,61539.9
5291,2016-11-25,65238.0
5292,2016-11-26,63804.5
5293,2016-11-27,61212.1
5294,2016-11-28,61493.6
5295,2016-11-29,62247.4
5296,2016-11-30,63761.8
5297,2016-12-01,64397.1
5298,2016-12-02,63249.2
5299,2016-12-03,61089.2
5300,2016-12-04,60105.4
5301,2016-12-05,62906.3
5302,2016-12-06,61491.7
5303,2016-12-07,62234.2
5304,2016-12-08,62620.3
5305,2016-12-09,63862.1
5306,2016-12-10,64781.4
5307,2016-12-11,63531.1
5308,2016-12-12,63894.3
5309,2016-12-13,63621.3
5310,2016-12-14,64651.9
5311,2016-12-15,63057.4
5312,2016-12-16,66702.2
5313,2016-12-17,67404.8
5314,2016-12-18,64402.7
5315,2016-12-19,62639.6
5316,2016-12-20,64758.9
5317,2016-12-21,64646.6
5318,2016-12-22,64587.0
5319,2016-12-23,66093.7
5320,2016-12-24,68695.7
5321,2016-12-25,63235.9
5322,2016-12-26,61628.3
5323,2016-12-27,63559.5
5324,2016-12-28,62890.6
5325,2016-12-29,63304.3
5326,2016-12-30,66285.6
5327,2016-12-31,66689.3
5328,2017-01-01,65062.8
5329,2017-01-02,61248.0
5330,2017-01-03,67232.8
5331,2017-01-04,63702.9
5332,2017-01-05,67789.3
5333,2017-01-06,68720.7
5334,2017-01-07,67714.2
5335,2017-01-08,65936.1
5336,2017-01-09,64395.2
5337,2017-01-10,66223.3
5338,2017-01-11,64018.9
5339,2017-01-12,64952.0
5340,2017-01-13,68218.9
5341,2017-01-14,67343.0
5342,2017-01-15,68633.2
5343,2017-01-16,64577.1
5344,2017-01-17,65862.5
5345,2017-01-18,66772.0
5346,2017-01-19,67691.7
5347,2017-01-20,66517.5
5348,2017-01-21,64482.8
5349,2017-01-22,65638.6
5350,2017-01-23,63181.9
5351,2017-01-24,70714.6
5352,2017-01-25,61487.3
5353,2017-01-26,41357.0
5354,2017-01-27,80687.0
5355,2017-01-28,69481.3
5356,2017-01-29,58275.7
5357,2017-01-30,47070.0
5358,2017-01-31,45857.5
5359,2017-02-01,62417.9
5360,2017-02-02,78978.3
5361,2017-02-03,95538.7
5362,2017-02-04,66316.7
5363,2017-02-05,72832.4
5364,2017-02-06,69979.8
5365,2017-02-07,64545.6
5366,2017-02-08,66684.9
5367,2017-02-09,71336.6
5368,2017-02-10,63713.4
5369,2017-02-11,71907.3
5370,2017-02-12,69410.4
5371,2017-02-13,65729.3
5372,2017-02-14,70554.8
5373,2017-02-15,67627.9
5374,2017-02-16,67337.4
5375,2017-02-17,69397.1
5376,2017-02-18,68258.0
5377,2017-02-19,67094.3
5378,2017-02-20,65263.6
5379,2017-02-21,69285.0
5380,2017-02-22,66720.8
5381,2017-02-23,67789.6
5382,2017-02-24,65813.5
5383,2017-02-25,68789.4
5384,2017-02-26,70722.9
5385,2017-02-27,68762.9
5386,2017-02-28,67940.4
5387,2017-03-01,71902.6
5388,2017-03-02,70415.3
5389,2017-03-03,70015.7
5390,2017-03-04,70109.9
5391,2017-03-05,72155.0
5392,2017-03-06,69315.3
5393,2017-03-07,68740.6
5394,2017-03-08,68989.7
5395,2017-03-09,70063.2
5396,2017-03-10,70532.5
5397,2017-03-11,69007.2
5398,2017-03-12,70776.5
5399,2017-03-13,69699.9
5400,2017-03-14,70139.4
5401,2017-03-15,71731.1
5402,2017-03-16,72334.1
5403,2017-03-17,71055.0
5404,2017-03-18,71219.7
5405,2017-03-19,71243.7
5406,2017-03-20,69708.2
5407,2017-03-21,75814.8
5408,2017-03-22,71907.4
5409,2017-03-23,74886.1
5410,2017-03-24,72174.4
5411,2017-03-25,74554.2
5412,2017-03-26,70491.2
5413,2017-03-27,74637.7
5414,2017-03-28,77442.4
5415,2017-03-29,70757.1
5416,2017-03-30,72230.6
5417,2017-03-31,72443.2
5418,2017-04-01,72774.8
5419,2017-04-02,63612.0
5420,2017-04-03,71142.4
5421,2017-04-04,72138.2
5422,2017-04-05,68301.9
5423,2017-04-06,72144.1
5424,2017-04-07,68123.2
5425,2017-04-08,70974.2
5426,2017-04-09,70358.1
5427,2017-04-10,69110.9
5428,2017-04-11,72857.0
5429,2017-04-12,72015.4
5430,2017-04-13,71099.3
5431,2017-04-14,67649.8
5432,2017-04-15,72406.2
5433,2017-04-16,68625.2
5434,2017-04-17,69922.1
5435,2017-04-18,74699.8
5436,2017-04-19,73640.5
5437,2017-04-20,73880.0
5438,2017-04-21,74993.7
5439,2017-04-22,69143.9
5440,2017-04-23,76872.1
5441,2017-04-24,67524.4
5442,2017-04-25,73165.2
5443,2017-04-26,71048.8
5444,2017-04-27,78479.7
5445,2017-04-28,68205.9
5446,2017-04-29,69070.7
5447,2017-04-30,67272.5
5448,2017-05-01,71008.3
5449,2017-05-02,74040.7
5450,2017-05-03,68849.3
5451,2017-05-04,72539.3
5452,2017-05-05,72453.8
5453,2017-05-06,81448.4
5454,2017-05-07,74956.9
5455,2017-05-08,69418.3
5456,2017-05-09,66866.1
5457,2017-05-10,70287.8
5458,2017-05-11,70221.2
5459,2017-05-12,71042.3
5460,2017-05-13,72381.2
5461,2017-05-14,69361.1
5462,2017-05-15,68683.8
5463,2017-05-16,71139.5
5464,2017-05-17,65694.1
5465,2017-05-18,73326.9
5466,2017-05-19,65815.9
5467,2017-05-20,71869.6
5468,2017-05-21,68171.1
5469,2017-05-22,67225.5
5470,2017-05-23,70215.5
5471,2017-05-24,65010.8
5472,2017-05-25,69595.3
5473,2017-05-26,65469.6
5474,2017-05-27,66454.2
5475,2017-05-28,72017.0
5476,2017-05-29,65935.1
5477,2017-05-30,63058.9
5478,2017-05-31,72119.7
5479,2017-06-01,70455.5
5480,2017-06-02,73692.1
5481,2017-06-03,67921.0
5482,2017-06-04,69325.3
5483,2017-06-05,65162.4
5484,2017-06-06,64098.7
5485,2017-06-07,68866.9
5486,2017-06-08,63415.1
5487,2017-06-09,66257.3
5488,2017-06-10,72943.9
5489,2017-06-11,63420.4
5490,2017-06-12,66139.3
5491,2017-06-13,74518.2
5492,2017-06-14,72234.1
5493,2017-06-15,64772.5
5494,2017-06-16,62564.7
5495,2017-06-17,64821.5
5496,2017-06-18,66510.5
5497,2017-06-19,65294.9
5498,2017-06-20,69409.3
5499,2017-06-21,64277.7
5500,2017-06-22,66815.6
5501,2017-06-23,66902.8
5502,2017-06-24,71400.2
5503,2017-06-25,68013.5
5504,2017-06-26,64052.6
5505,2017-06-27,69858.7
5506,2017-06-28,69743.1
5507,2017-06-29,67566.2
5508,2017-06-30,70336.8
5509,2017-07-01,68930.3
5510,2017-07-02,69351.2
5511,2017-07-03,65098.5
5512,2017-07-04,69809.1
5513,2017-07-05,62489.2
5514,2017-07-06,70260.4
5515,2017-07-07,68083.9
5516,2017-07-08,64075.4
5517,2017-07-09,66198.1
5518,2017-07-10,61399.8
5519,2017-07-11,71674.9
5520,2017-07-12,69636.8
5521,2017-07-13,66064.1
5522,2017-07-14,65631.3
5523,2017-07-15,70850.7
5524,2017-07-16,70375.8
5525,2017-07-17,69138.7
5526,2017-07-18,66205.1
5527,2017-07-19,75966.1
5528,2017-07-20,63408.6
5529,2017-07-21,69023.4
5530,2017-07-22,63272.1
5531,2017-07-23,66832.8
5532,2017-07-24,66034.3
5533,2017-07-25,65947.2
5534,2017-07-26,70933.6
5535,2017-07-27,63615.8
5536,2017-07-28,68466.3
5537,2017-07-29,68156.5
5538,2017-07-30,64512.7
5539,2017-07-31,65087.7
5540,2017-08-01,65352.8
5541,2017-08-02,68145.7
5542,2017-08-03,63972.7
5543,2017-08-04,74731.7
5544,2017-08-05,66801.9
5545,2017-08-06,62406.2
5546,2017-08-07,61753.2
5547,2017-08-08,64012.4
5548,2017-08-09,71711.3
5549,2017-08-10,66109.5
5550,2017-08-11,62327.1
5551,2017-08-12,62009.7
5552,2017-08-13,68427.2
5553,2017-08-14,66286.3
5554,2017-08-15,62536.1
5555,2017-08-16,66215.5
5556,2017-08-17,65222.3
5557,2017-08-18,63305.2
5558,2017-08-19,62610.4
5559,2017-08-20,62378.7
5560,2017-08-21,60375.5
5561,2017-08-22,66966.4
5562,2017-08-23,64830.1
5563,2017-08-24,61971.9
5564,2017-08-25,63975.1
5565,2017-08-26,67138.1
5566,2017-08-27,63713.4
5567,2017-08-28,68329.9
5568,2017-08-29,64241.7
5569,2017-08-30,63428.4
5570,2017-08-31,67036.8
5571,2017-09-01,66673.6
5572,2017-09-02,66406.3
5573,2017-09-03,65612.6
5574,2017-09-04,66770.7
5575,2017-09-05,67043.1
5576,2017-09-06,64876.9
5577,2017-09-07,68143.7
5578,2017-09-08,59455.8
5579,2017-09-09,69722.0
5580,2017-09-10,67424.2
5581,2017-09-11,59314.1
5582,2017-09-12,66978.5
5583,2017-09-13,63763.5
5584,2017-09-14,66359.5
5585,2017-09-15,65156.4
5586,2017-09-16,69785.2
5587,2017-09-17,64505.4
5588,2017-09-18,63515.7
5589,2017-09-19,67136.3
5590,2017-09-20,60840.0
5591,2017-09-21,63656.6
5592,2017-09-22,70439.1
5593,2017-09-23,65216.0
5594,2017-09-24,64763.2
5595,2017-09-25,63734.7
5596,2017-09-26,64480.3
5597,2017-09-27,64158.5
5598,2017-09-28,62219.6
5599,2017-09-29,62251.3
5600,2017-09-30,62481.3
5601,2017-10-01,72575.3
5602,2017-10-02,56147.6
5603,2017-10-03,55605.1
5604,2017-10-04,55127.7
5605,2017-10-05,63880.8
5606,2017-10-06,59745.7
5607,2017-10-07,60580.1
5608,2017-10-08,60562.6
5609,2017-10-09,66030.5
5610,2017-10-10,65249.6
5611,2017-10-11,60413.6
5612,2017-10-12,62656.4
5613,2017-10-13,67825.2
5614,2017-10-14,64986.1
5615,2017-10-15,63011.8
5616,2017-10-16,60196.0
5617,2017-10-17,64362.6
5618,2017-10-18,64331.8
5619,2017-10-19,60902.2
5620,2017-10-20,67481.6
5621,2017-10-21,65519.9
5622,2017-10-22,65278.1
5623,2017-10-23,66368.6
5624,2017-10-24,63279.4
5625,2017-10-25,62559.7
5626,2017-10-26,67019.6
5627,2017-10-27,68142.6
5628,2017-10-28,67634.3
5629,2017-10-29,62906.6
5630,2017-10-30,61361.3
5631,2017-10-31,65104.7
5632,2017-11-01,69447.7
5633,2017-11-02,64562.4
5634,2017-11-03,64201.9
5635,2017-11-04,59764.6
5636,2017-11-05,64459.4
5637,2017-11-06,62694.7
5638,2017-11-07,68606.9
5639,2017-11-08,65269.4
5640,2017-11-09,61841.0
5641,2017-11-10,63736.8
5642,2017-11-11,64700.4
5643,2017-11-12,63882.5
5644,2017-11-13,65086.3
5645,2017-11-14,69362.1
5646,2017-11-15,63807.6
5647,2017-11-16,57391.0
5648,2017-11-17,66655.3
5649,2017-11-18,62525.3
5650,2017-11-19,68671.1
5651,2017-11-20,64138.0
5652,2017-11-21,66526.6
5653,2017-11-22,62379.7
5654,2017-11-23,62431.5
5655,2017-11-24,63191.6
5656,2017-11-25,63662.8
5657,2017-11-26,66217.7
5658,2017-11-27,63049.6
5659,2017-11-28,63259.7
5660,2017-11-29,63106.4
5661,2017-11-30,61922.9
5662,2017-12-01,61929.8
5663,2017-12-02,60171.7
5664,2017-12-03,60842.1
5665,2017-12-04,61068.3
5666,2017-12-05,64606.3
5667,2017-12-06,62857.1
5668,2017-12-07,62235.6
5669,2017-12-08,65760.0
5670,2017-12-09,67067.7
5671,2017-12-10,62044.8
5672,2017-12-11,59590.9
5673,2017-12-12,62913.6
5674,2017-12-13,61891.5
5675,2017-12-14,62741.1
5676,2017-12-15,61232.0
5677,2017-12-16,59819.3
5678,2017-12-17,62763.9
5679,2017-12-18,55968.0
5680,2017-12-19,65217.6
5681,2017-12-20,61823.0
5682,2017-12-21,61239.8
5683,2017-12-22,61677.0
5684,2017-12-23,62801.8
5685,2017-12-24,61418.9
5686,2017-12-25,57736.3
5687,2017-12-26,62643.1
5688,2017-12-27,61551.4
5689,2017-12-28,64409.8
5690,2017-12-29,66610.0
5691,2017-12-30,61990.6
5692,2017-12-31,63800.8
5693,2018-01-01,55519.0
5694,2018-01-02,63550.8
5695,2018-01-03,58801.3
5696,2018-01-04,60655.9
5697,2018-01-05,62510.5
5698,2018-01-06,64365.1
5699,2018-01-07,66219.7
5700,2018-01-08,68074.3
5701,2018-01-09,69928.9
5702,2018-01-10,71783.5
5703,2018-01-11,73638.1
5704,2018-01-12,75492.8
5705,2018-01-13,77347.4
5706,2018-01-14,79202.0
5707,2018-01-15,81056.6
5708,2018-01-16,82911.2
5709,2018-01-17,84765.8
5710,2018-01-18,86620.4
5711,2018-01-19,88475.0
5712,2018-01-20,42261.0
5713,2018-01-21,43215.5
5714,2018-01-22,44170.0
5715,2018-01-23,60164.5
5716,2018-01-24,76159.0
5717,2018-01-25,69813.5
5718,2018-01-26,63468.0
5719,2018-01-27,67522.5
5720,2018-01-28,71577.0
